{
  "generic_1": {
    "tp": 189,
    "tn": 205,
    "fp": 114,
    "fn": 58,
    "other": 0,
    "Precision": 0.6237623762376238,
    "Recall": 0.7651821862348178,
    "F1": 0.6872727272727274,
    "Specificity": 0.6426332288401254
  },
  "generic_2": {
    "tp": 184,
    "tn": 214,
    "fp": 105,
    "fn": 63,
    "other": 0,
    "Precision": 0.6366782006920415,
    "Recall": 0.7449392712550608,
    "F1": 0.6865671641791046,
    "Specificity": 0.670846394984326
  },
  "generic_3": {
    "tp": 95,
    "tn": 105,
    "fp": 56,
    "fn": 31,
    "other": 0,
    "Precision": 0.6291390728476821,
    "Recall": 0.753968253968254,
    "F1": 0.6859205776173286,
    "Specificity": 0.6521739130434783
  },
  "generic_4": {
    "tp": 95,
    "tn": 107,
    "fp": 54,
    "fn": 31,
    "other": 0,
    "Precision": 0.6375838926174496,
    "Recall": 0.753968253968254,
    "F1": 0.6909090909090909,
    "Specificity": 0.6645962732919255
  },
  "generic_5": {
    "tp": 97,
    "tn": 109,
    "fp": 52,
    "fn": 29,
    "other": 0,
    "Precision": 0.6510067114093959,
    "Recall": 0.7698412698412699,
    "F1": 0.7054545454545453,
    "Specificity": 0.6770186335403726
  },
  "Infectious Disease Specialist": {
    "tp": 275,
    "tn": 334,
    "fp": 157,
    "fn": 101,
    "other": 0,
    "Precision": 0.6365740740740741,
    "Recall": 0.7313829787234043,
    "F1": 0.6806930693069306,
    "Specificity": 0.6802443991853361
  },
  "Critical Care Medicine Specialist": {
    "tp": 94,
    "tn": 96,
    "fp": 71,
    "fn": 33,
    "other": 0,
    "Precision": 0.5696969696969697,
    "Recall": 0.7401574803149606,
    "F1": 0.6438356164383562,
    "Specificity": 0.5748502994011976
  },
  "Pulmonologist": {
    "tp": 156,
    "tn": 194,
    "fp": 91,
    "fn": 58,
    "other": 0,
    "Precision": 0.631578947368421,
    "Recall": 0.7289719626168224,
    "F1": 0.6767895878524945,
    "Specificity": 0.6807017543859649
  },
  "Cardiologist": {
    "tp": 124,
    "tn": 146,
    "fp": 96,
    "fn": 42,
    "other": 0,
    "Precision": 0.5636363636363636,
    "Recall": 0.7469879518072289,
    "F1": 0.6424870466321244,
    "Specificity": 0.6033057851239669
  },
  "Nephrologist": {
    "tp": 183,
    "tn": 224,
    "fp": 114,
    "fn": 63,
    "other": 0,
    "Precision": 0.6161616161616161,
    "Recall": 0.7439024390243902,
    "F1": 0.6740331491712708,
    "Specificity": 0.6627218934911243
  },
  "Intensive Care Specialist": {
    "tp": 181,
    "tn": 216,
    "fp": 109,
    "fn": 68,
    "other": 0,
    "Precision": 0.6241379310344828,
    "Recall": 0.7269076305220884,
    "F1": 0.6716141001855289,
    "Specificity": 0.6646153846153846
  },
  "Hematologist": {
    "tp": 31,
    "tn": 40,
    "fp": 20,
    "fn": 15,
    "other": 0,
    "Precision": 0.6078431372549019,
    "Recall": 0.6739130434782609,
    "F1": 0.6391752577319587,
    "Specificity": 0.6666666666666666
  },
  "Emergency Medicine Specialist": {
    "tp": 13,
    "tn": 18,
    "fp": 4,
    "fn": 3,
    "other": 0,
    "Precision": 0.7647058823529411,
    "Recall": 0.8125,
    "F1": 0.787878787878788,
    "Specificity": 0.8181818181818182
  },
  "Cardiology Specialist": {
    "tp": 10,
    "tn": 12,
    "fp": 3,
    "fn": 5,
    "other": 0,
    "Precision": 0.7692307692307693,
    "Recall": 0.6666666666666666,
    "F1": 0.7142857142857142,
    "Specificity": 0.8
  },
  "Nephrology Specialist": {
    "tp": 16,
    "tn": 16,
    "fp": 10,
    "fn": 8,
    "other": 0,
    "Precision": 0.6153846153846154,
    "Recall": 0.6666666666666666,
    "F1": 0.64,
    "Specificity": 0.6153846153846154
  },
  "Pulmonology Specialist": {
    "tp": 16,
    "tn": 23,
    "fp": 9,
    "fn": 10,
    "other": 0,
    "Precision": 0.64,
    "Recall": 0.6153846153846154,
    "F1": 0.6274509803921569,
    "Specificity": 0.71875
  },
  "Internal Medicine Specialist": {
    "tp": 10,
    "tn": 12,
    "fp": 5,
    "fn": 4,
    "other": 0,
    "Precision": 0.6666666666666666,
    "Recall": 0.7142857142857143,
    "F1": 0.689655172413793,
    "Specificity": 0.7058823529411765
  },
  "General Surgeon": {
    "tp": 15,
    "tn": 12,
    "fp": 7,
    "fn": 4,
    "other": 0,
    "Precision": 0.6818181818181818,
    "Recall": 0.7894736842105263,
    "F1": 0.7317073170731707,
    "Specificity": 0.631578947368421
  },
  "Critical Care Specialist": {
    "tp": 5,
    "tn": 7,
    "fp": 3,
    "fn": 3,
    "other": 0,
    "Precision": 0.625,
    "Recall": 0.625,
    "F1": 0.625,
    "Specificity": 0.7
  },
  "Gastroenterologist": {
    "tp": 19,
    "tn": 8,
    "fp": 11,
    "fn": 7,
    "other": 0,
    "Precision": 0.6333333333333333,
    "Recall": 0.7307692307692307,
    "F1": 0.6785714285714285,
    "Specificity": 0.42105263157894735
  },
  "Microbiologist": {
    "tp": 24,
    "tn": 9,
    "fp": 8,
    "fn": 5,
    "other": 0,
    "Precision": 0.75,
    "Recall": 0.8275862068965517,
    "F1": 0.7868852459016394,
    "Specificity": 0.5294117647058824
  },
  "General Surgery Specialist": {
    "tp": 0,
    "tn": 1,
    "fp": 0,
    "fn": 0,
    "other": 0,
    "Precision": 0.0,
    "Recall": 0.0,
    "F1": 0.0,
    "Specificity": 1.0
  },
  "Clinical Pharmacologist": {
    "tp": 2,
    "tn": 3,
    "fp": 1,
    "fn": 1,
    "other": 0,
    "Precision": 0.6666666666666666,
    "Recall": 0.6666666666666666,
    "F1": 0.6666666666666666,
    "Specificity": 0.75
  },
  "Cardiothoracic Surgeon": {
    "tp": 0,
    "tn": 1,
    "fp": 0,
    "fn": 0,
    "other": 0,
    "Precision": 0.0,
    "Recall": 0.0,
    "F1": 0.0,
    "Specificity": 1.0
  },
  "Cardiothoracic Surgery Specialist": {
    "tp": 0,
    "tn": 1,
    "fp": 0,
    "fn": 0,
    "other": 0,
    "Precision": 0.0,
    "Recall": 0.0,
    "F1": 0.0,
    "Specificity": 1.0
  },
  "Hematology Specialist": {
    "tp": 4,
    "tn": 3,
    "fp": 1,
    "fn": 4,
    "other": 0,
    "Precision": 0.8,
    "Recall": 0.5,
    "F1": 0.6153846153846154,
    "Specificity": 0.75
  },
  "Hepatologist": {
    "tp": 8,
    "tn": 3,
    "fp": 4,
    "fn": 0,
    "other": 0,
    "Precision": 0.6666666666666666,
    "Recall": 1.0,
    "F1": 0.8,
    "Specificity": 0.42857142857142855
  },
  "Endocrinologist": {
    "tp": 0,
    "tn": 8,
    "fp": 3,
    "fn": 0,
    "other": 0,
    "Precision": 0.0,
    "Recall": 0.0,
    "F1": 0.0,
    "Specificity": 0.7272727272727273
  },
  "Dermatology Specialist": {
    "tp": 0,
    "tn": 0,
    "fp": 1,
    "fn": 0,
    "other": 0,
    "Precision": 0.0,
    "Recall": 0.0,
    "F1": 0.0,
    "Specificity": 0.0
  },
  "Infectious Disease (ID) specialist": {
    "tp": 1,
    "tn": 0,
    "fp": 0,
    "fn": 0,
    "other": 0,
    "Precision": 1.0,
    "Recall": 1.0,
    "F1": 1.0,
    "Specificity": 0.0
  },
  "Critical Care Medicine specialist": {
    "tp": 1,
    "tn": 0,
    "fp": 0,
    "fn": 0,
    "other": 0,
    "Precision": 1.0,
    "Recall": 1.0,
    "F1": 1.0,
    "Specificity": 0.0
  },
  "Pulmonology specialist": {
    "tp": 1,
    "tn": 0,
    "fp": 0,
    "fn": 0,
    "other": 0,
    "Precision": 1.0,
    "Recall": 1.0,
    "F1": 1.0,
    "Specificity": 0.0
  },
  "Cardiology specialist": {
    "tp": 1,
    "tn": 0,
    "fp": 0,
    "fn": 0,
    "other": 0,
    "Precision": 1.0,
    "Recall": 1.0,
    "F1": 1.0,
    "Specificity": 0.0
  },
  "Nephrology specialist": {
    "tp": 1,
    "tn": 0,
    "fp": 0,
    "fn": 0,
    "other": 0,
    "Precision": 1.0,
    "Recall": 1.0,
    "F1": 1.0,
    "Specificity": 0.0
  },
  "Intensive Care Unit (ICU) Pharmacist": {
    "tp": 0,
    "tn": 0,
    "fp": 0,
    "fn": 1,
    "other": 0,
    "Precision": 0.0,
    "Recall": 0.0,
    "F1": 0.0,
    "Specificity": 0.0
  },
  "Oncologist": {
    "tp": 5,
    "tn": 0,
    "fp": 0,
    "fn": 0,
    "other": 0,
    "Precision": 1.0,
    "Recall": 1.0,
    "F1": 1.0,
    "Specificity": 0.0
  },
  "Clinical Pharmacist": {
    "tp": 3,
    "tn": 0,
    "fp": 2,
    "fn": 0,
    "other": 0,
    "Precision": 0.6,
    "Recall": 1.0,
    "F1": 0.7499999999999999,
    "Specificity": 0.0
  },